id_twitter,sentiment
1067856049821155334,1
1070902848957964288,1
1073158858925838336,0
1073220881344856064,0
1073347140334833664,0
1072067147004870656,1
1070449050653216768,1
1073372935614840833,1
1073380236438458368,-1
1074432372169424896,1
1068149497581182978,1
1073213887531675648,0
1068128469849186306,0
1072151462719971330,-1
1072179311044644864,1
1070455483868372992,0
1070664933375967233,1
1073349659421274112,-1
1074292402293227521,1
1069822009255870466,-1
1073347686974271488,-1
1072095429691695104,-1
1072156711077715968,-1
1072265830535184384,-1
1070410254100430848,1
1073031376272875520,0
1069690390066929664,1
1073220947342184454,1
1074138871162642432,1
1072885341030363136,-1
1070346780385165312,1
1074428405968502785,1
1071162758966796290,1
1067219743600451584,-1
1071885342368772096,1
1071076927329456130,0
1071078873901793283,-1
1072163037648429057,0
1070341610003750912,0
1073905531717345281,1
1072178239060217856,0
1069338028584431616,-1
1072128609501044742,-1
1072669750306791424,0
1073220956368322560,-1
1074424911219675136,1
1070451870890639361,-1
1069275828792496128,-1
1072678493866156033,1
1072177931135475712,-1
1072139686401974272,0
1067246391486029824,1
1070367252514570240,-1
1070464061014532097,1
1072526922838622210,1
1069334867907878919,-1
1070650315928731650,1
1074294968200646656,-1
1073386698715877376,1
1071459029124304897,1
1071877278064369664,1
1072659851245948928,0
1073220886302466048,1
1071238290324578304,-1
1073030097458946049,0
1069720379386724353,1
1073381388865470466,-1
1070903665517576192,-1
1067740719148785664,-1
1072094234671489024,1
1069915855406931968,1
1073095405326491648,1
1070661885773660165,-1
1072181275899953154,-1
1068692645927620608,1
1074425743545896960,1
1070334137029021697,-1
1072660823200423936,1
1072885044878938112,-1
1073121818494545920,1
1069612321247502337,1
1070476369732272138,-1
1073916060401844224,1
1074243486164099072,0
1073379477458169856,1
1073035362400907265,1
1072188031828922369,0
1070658561741598720,1
1073361037834010624,0
1069701687424749568,-1
1070664196474462209,1
1074142421003440129,1
1071714859061051392,1
1072163003808784384,1
1070367689833627648,0
1070656856828403712,1
1072162518007726080,0
1072090215760752640,0
1072193360763469824,0
1071095503608258560,1
1072179552951128064,-1
1073355293222932480,1
1072100095519285248,-1
1070335716310310912,0
1073035732518924288,1
1074431713059749889,1
1072181633745338371,0
1071858605899550723,-1
1073137100126609409,0
1071076168239996928,1
1068119902316359680,1
1072180540609097729,-1
1073377884281208833,0
1070617721241591808,1
1072181067652718593,-1
1073100598629801984,1
1070665825013678084,0
1074428322514391042,1
1072253119181004800,1
1073209078325882880,0
1072176356673372160,-1
1069593408002498560,1
1072117154592509952,-1
1073365894968020992,0
1071072568428453888,0
1070343496643608576,-1
1072161310798958599,1
1073611841044135942,0
1073385454488207360,-1
1072884591294332928,-1
1073095849033519105,1
1074430713800343555,1
1073220887778873346,1
1071833060579127296,-1
1071466935148310528,1
1073260466967855104,-1
1074428160337461248,1
1072163525764763648,0
1072882672555446273,0
1072666100356272131,1
1071899541492981766,1
1074333076078190593,1
1073350653462937600,0
1069624895951290370,-1
1074331014414168065,1
1071834924271980546,1
1072412507078385664,1
1071912883573919744,0
1071612009656057856,-1
1070747817700982785,0
1073240387387572224,0
1073939866730356737,-1
1071045365909086208,-1
1071539955246223360,0
1073538256606769154,1
1074120773089005568,1
1073050203480035331,0
1067528063724986370,0
1072127790709919747,1
1070288551164686336,0
1070777641140146176,1
1071034409904685056,1
1071599534281756672,-1
1070314764163825664,0
1070997464210161664,0
1073403591279501312,-1
1073809586707148802,-1
1071370445633409025,0
1068583898488209409,0
1073965985181376512,1
1070792550645186560,0
1072051682874400768,1
1072210621104566274,1
1070252031695298560,1
1071087495767621633,0
1073349256214441991,1
1068496768118243328,-1
1070860240399282176,-1
1070701786032455680,0
1071003568348499968,-1
1071558591193276417,1
1074069454114447362,0
1071082081051074560,0
1067274740702822400,1
1069648225206980609,1
1072275680191283200,1
1071210173711245312,0
1072084833441103872,1
1073745947161714688,-1
1072119961450176513,-1
1073626163132686336,0
1070690688608690176,0
1073006672845684736,0
1068680759446315008,1
1072133283608182784,1
1070141589840904192,0
1073393165510557696,-1
1072865414198157312,1
1073374954383650816,1
1071082827947626498,-1
1069958953935781889,-1
1070792932448456704,0
1071168113209696257,0
1071797294008360961,-1
1069586889987039233,0
1071146013514186754,1
1071788015113199616,1
1074345366311628800,0
1071599959202512901,-1
1072339554928156673,-1
1069645318680133632,1
1074370471418843136,1
1074834832755171328,1
1070388582626545665,0
1069581704514424832,-1
1072622514461913089,0
1073320386408972288,0
1070280803165331457,1
1074088483482935301,1
1073718467881304065,1
1071751361228926978,-1
1071018285976707073,-1
1071934282971660288,1
1070452161912455171,1
1073312238533046275,-1
1073026355271491584,1
1072472375550193664,1
1069947537375805440,1
1069594969730617344,1
1070874834337456128,1
1070959051113197569,-1
1073980664159051777,0
1072289744132993024,1
1070474874995523584,-1
1072451742284070912,1
1068322513359388672,1
1071764808180076544,-1
1072651252515913729,1
1073900289525202944,-1
1070381044178788352,1
1073387789218209799,-1
1070875544928088064,0
1070623696296034304,0
1074722899351793664,0
1072975283655974912,1
1072229315956350977,0
1067963449068666880,-1
1072182120708218881,1
1072276471899701248,-1
1073791188573044736,1
1073058967709016065,-1
1073938687321362432,-1
1071483609922584576,-1
1074324634173095937,1
1068689004105818114,-1
1072349523211681792,1
1074094983240736769,1
1070934213350834176,1
1070739094739841025,1
1070746708701798401,0
1071978349424230400,0
1070772578271354880,1
1071131555307905024,1
1072877984607027200,1
1073635472260378624,1
1073553656325259264,1
1072105202369683456,0
1072337305699004416,-1
1072904636368121858,-1
1072355050079563778,-1
1072642013722525696,1
1074352865873928192,0
1074049869650804736,-1
1072824712080867335,1
1071727341423026176,-1
1073393974382075905,1
1069692857915764736,1
1070327143551430656,-1
1073562551093551104,-1
1071232861204856832,1
1072905236333948928,0
1072344920814432256,0
1070772971931922444,1
1070798134647746560,0
1070664981904060417,-1
1071046535406907392,0
1069409819113766912,0
1069777371367137281,1
1069988677344997376,0
1069963848847949825,0
1073972376780591104,0
1073201285216784384,-1
1068271400648155137,-1
1073060033263517696,0
1069427908547174402,0
1073645103519014912,0
1073291596614041601,-1
1070633313172283393,-1
1068382542561198080,-1
1071805289089908736,-1
1072900032372895745,-1
1073182176953360384,1
1072102522347761664,0
1070873157391843330,0
1073164481860132864,0
1072621013349949440,1
1071942453496811522,1
1071137392705323009,1
1071111350439567365,0
1074261385285132288,1
1072543299347640320,0
1073111310097776641,1
1069979675336810497,-1
1070342769808416768,-1
1070777044445872129,-1
1072780439792820224,-1
1072851244451028995,0
1073739594993229824,0
1073144373158838272,1
1073981765398790146,-1
1070847690462912512,0
1071211781891207170,-1
1072283941124612096,1
1072659858665684992,1
1069899170897649665,1
1072113696200110080,1
1074416095514234880,1
1072310812029661190,0
1072369067636473856,-1
1072326227552276480,0
1072083516534505472,0
1072433194258128897,0
1071316558323089409,-1
1068183689450921984,0
1073729537018609664,1
1071219174104592384,-1
1070867302848049154,0
1074079471194525696,0
1073750591036383232,0
1074012702987730945,-1
1073869951101034501,0
1071363737431539713,0
1073645487834701827,-1
1071085050601586688,-1
1069953503936868354,-1
1071100584911167489,-1
1072871931907428355,0
1073520415497220097,-1
1071541506509598721,1
1072988823234187269,1
1072925044135870466,0
1071947447298076673,-1
1071573056903102469,1
1070845031307767808,0
1071775471883440128,-1
1072623878537658369,0
1074459025549484032,0
1073384089846206466,-1
1070837584178438145,0
1071232225444810752,1
1072524535944110080,-1
1072991327292411905,-1
1070365996127580162,-1
1072265682572730370,0
1072851739307622406,0
1070783504919773185,0
1070966997951934464,-1
1071027749345742848,-1
1067958273226231808,1
1074365813694570496,-1
1070221828013125632,-1
1068620689886855169,1
1073375347666796545,1
1074421452106010624,0
1070832396352806912,1
1072267041472688128,-1
1071376132950425600,1
1067374710458105858,0
1071609475612717056,0
1072883615535693824,-1
1069311841959059456,-1
1069362934747410433,-1
1071794901740937218,0
1071380126884093952,1
1070995693869903872,1
1071178386473709568,1
1070832402090598401,-1
1069681462352449537,0
1071652119206334464,0
1072996713936404480,0
1070138468951605248,0
1073324365448646660,-1
1071083492165988352,1
1070522204562096129,-1
1074432446974910466,1
1074400561032822784,1
1071487434955911168,0
1071038925173678081,-1
1072526344108556288,-1
1074135826878160896,1
1074874738391027712,1
1073323614131380225,1
1073367003765854210,-1
1069208268730445824,0
1068810474505084930,0
1074842597934465025,0
1074353236314857472,0
1071786046982156288,0
1070060076625526785,-1
1071062466694664198,0
1074240226351112192,1
1073271364709163009,1
1072418320605999105,-1
1070710034663911426,0
1072422312929042432,0
1070706796153761793,1
1071619040437784576,-1
1069275986674556930,-1
1071138071406632960,1
1070848927472279553,0
1070489133225861120,0
1071603039449042944,0
1072000190649913344,-1
1071736129127366657,1
1071796941825171457,0
1071541784034058245,-1
1068686571510161408,-1
1072129657363947521,0
1071234764336709635,0
1072517491732217857,0
1070073422472994819,0
1073741606577233920,0
1074495167221121024,0
1070775138591883264,0
1071747595599527936,0
1073351130191675397,0
1069582990135697408,0
1073274098032234498,-1
1073725134811340800,-1
1074416620905336832,1
1072323609664856065,-1
1072164730545033217,-1
1072945196533460992,0
1067600780029554688,-1
1074405804386729984,1
1072244734851190784,0
1071204751335931905,1
1074829682313478144,-1
1072458619051040768,1
1071599001173180416,0
1072878253860253696,0
1072198097835618304,-1
1072478822711377920,-1
1070830219601301505,-1
1071759890304118786,1
1071571144770273280,1
1070395697864814592,0
1073195237277921281,0
1073567767092232192,0
1071613061570707456,-1
1072537717454659586,-1
1069014853157888006,0
1071084420365475841,1
1072514376601620483,1
1070843877953810432,0
1073998506510176256,1
1073994388659990528,-1
1072281914722144256,0
1071151101318234118,-1
1070847358592786432,1
1073233327488950272,0
1070851748380712961,-1
1074097428628942849,0
1074101847605108739,1
1069939859488423936,-1
1071467343832903680,1
1070150257009459206,0
1073590654767390720,-1
1070692952274399232,1
1072133793274826752,1
1073731750063419392,1
1074713323197906945,-1
1071104980797530112,1
1073834893052923904,0
1070844508408033280,-1
1070632693765996544,-1
1072472821807411200,-1
1073189241109274630,-1
1074354291945730048,0
1071959306843643907,1
1069187904033955842,1
1072490928458350592,1
1073030797798596608,1
1072611044860837889,-1
1070610789042675712,-1
1071942024331440128,0
1074687875516678144,0
1070130708134445056,0
1073739425392328704,-1
1070294511203569665,-1
1072697044266037249,0
1068919210758336512,-1
1072247577955966977,0
1070637774695469057,-1
1071214407517126656,0
1073411223566323713,0
1069419601023430656,1
1071923660896780288,1
1072524622359420928,0
1073037110251347970,1
1070879171151388673,0
1072231662782693378,0
1069878938745348096,-1
1073656433818955776,0
1071110419949981696,0
1072851233369743362,0
1071662978469109761,-1
1074482849569497088,1
1068573167743107074,0
1072011631159377920,1
1070829265695006720,-1
1071273285999099910,0
1070495382260596737,0
1070706092777320448,-1
1071402165833527296,-1
1071930330251227136,1
1071640337293152256,1
1074832963366477824,0
1073991861486923776,-1
1074939471852961792,1
1070499514715439104,-1
1073413266267914241,-1
1070744031410442240,-1
1071884236360220674,-1
1072838221137092610,1
1071048582315339776,-1
1072248516515414017,0
1073399168289439744,0
1071582200867495936,0
1074446187355357184,-1
1072559007200612353,0
1073820860522356736,0
1070691993976823809,0
1072675583899897858,0
1071612889574924288,1
1072942762356543491,1
1074259810198188032,-1
1074055519642488833,-1
1070876073750073345,0
1067888023252152320,0
1072047498229882880,1
1073226355268030465,-1
1072291416322265093,0
1070858111462854656,1
1073254374015684609,1
1070072053565415425,1
1072871011870273536,-1
1073376445513302016,-1
1073136773490991104,0
1073220217873010689,0
1069462469758910464,1
1068878718179991552,0
1071561547984588802,1
1070770272393981954,-1
1072659857000534024,-1
1070117241021190149,1
1072645894888132608,-1
1072647437054038022,1
1074186533673074688,0
1074226728636203009,1
1072903497241255936,-1
1073228476600238080,0
1069935607374323712,-1
1072103072825004042,1
1074384487524560896,1
1073524954287824897,1
1071994021462056960,1
1070315202661498880,0
1071930300555497472,1
1071210765854617600,-1
1073618601003892736,0
1072576054479474689,0
1074332640063512578,0
1070264272603832321,-1
1067819222762426378,-1
1071447942534443012,-1
1074332621172293637,-1
1073170837690306561,1
1072271789152223233,1
1071943170647298051,1
1070639891195797505,-1
1071027150776619009,-1
1072336079062269952,-1
1069938506502422528,-1
1073345862733099011,-1
1073660138370842624,-1
1073340332945915907,-1
1069900893963866112,1
1072951512815554560,0
1070141896880742401,-1
1070860643102810113,-1
1072464995286437890,0
1073766051400302597,1
1071699007150399489,0
1071200719527657472,1
1070397388832038917,-1
1071675211718770688,0
1071982799454904320,-1
1069743099352633345,-1
1070740868171210752,-1
1072184971761197057,-1
1072144799887753217,1
1071431950202744837,-1
1073946309437087744,1
1070840852321308672,-1
1071084356133900289,0
1070741725298204674,-1
1074822971192172545,1
1071113242804715521,0
1071914868071165953,-1
1074736823337975808,0
1071725583015522304,0
1071135747619647488,1
1069363599116775424,-1
1069312699811663872,-1
1.07193E+18,0
1072219326147629057,0
1074798929064153093,0
1070886360670715904,1
1072180619940118528,0
1071068707340935168,0
1073002505074851841,-1
1071384773145362432,1
1073212914276933635,0
1072492389879767040,0
1070510168625033221,0
1069577319336083457,-1
1072347848774221825,1
1071787139715751937,0
1072329107067863040,-1
1070757654061027328,-1
1070307302136299520,0
1071150573800603651,0
1072082628780679168,0
1072226695535575040,-1
1073219267926069248,1
1073042693595504645,-1
1070818720241672193,-1
1072149780711833603,0
1073214664232849408,0
1070669891391406080,1
1070807064446988288,1
1069783112681426944,-1
1069609683986653185,1
1074417430766723074,1
1070223449531080705,-1
1072728065892073472,0
1072063666948882432,0
1074103314546085888,-1
1070574744372699136,0
1070698822224015361,1
1074789443532480512,1
1072668879732834305,-1
1071495533620092933,0
1072684137365032960,-1
1072090059229356032,0
1069861606652239873,0
1074291220447408128,-1
1.06968E+18,1
1070727496369344512,1
1070894384684638209,-1
1072884416345706496,0
1070875057583480832,-1
1070865265980772352,0
1073229936964616193,-1
1072367928467705856,0
1070740179453915136,-1
1071944693586542593,0
1073850694497697793,0
1072434638323412993,0
1071879884287471616,-1
1073196543698706432,0
1073611729060417536,1
1069794812570804224,-1
1069241786718138370,0
1073774800752046080,1
1071118480940941312,0
1069448239768846337,1
1072097240146198532,1
1072077986940248064,-1
1070885165734473729,1
1074313596186836994,1
1069368568628867072,-1
1070738029206220801,-1
1072483527986479104,-1
1074441370763448320,1
1072980373435490306,-1
1070366429785022464,0
1067444611914915845,-1
1071451373978468357,0
1072364995227385857,0
1069758766122500103,-1
1073061231412568064,0
1073650907957616640,-1
1070876686529503233,1
1071039300886818817,0
1069015280947478528,-1
1071148126692630528,1
1074245631240212480,0
1073058928848658432,-1
1073998770063458304,1
1071359796878721024,-1
1071148809839882245,0
1070912399946014725,0
1070692835849060352,-1
1073323704191467521,-1
1073142814786154496,-1
1068692969149132800,1
1071069586878013440,0
1068301788162473985,-1
1071700063150321665,-1
1071063769407766528,1
1073236893679128578,-1
1072411531206426624,0
1068697345989230594,-1
1074867869098409984,-1
1072707569913921537,0
1071582604271464449,1
1071586085925519361,1
1072637645040291843,-1
1073198440048402432,0
1071472078837166083,1
1071529657206521857,-1
1071088515763589125,0
1070763268455718912,1
1069529494342504448,0
1070305151586615297,-1
1073001083633577984,0
1071577245494468608,1
1071986315556737024,-1
1074491079892844544,1
1070840781735411712,0
1069401066293346305,-1
1072896792063283201,-1
1068709882831007745,0
1074069288594669569,1
1071085770604187649,1
1069419766362849280,-1
1069086388094676997,1
1071807216548753409,-1
1070751981508145158,0
1071843461765173248,0
1071870581031739398,0
1071659304980242433,1
1072614971383709697,1
1073213474711453696,1
1070836421013979136,-1
1071254544024289281,-1
1070497286734663680,0
1070835049375981568,0
1071498813247029249,-1
1070871487366742016,1
1069155272080400384,-1
1071926194789117953,-1
1071870618595938305,-1
1068662152905596930,1
1070864553578246145,0
1072466655438090241,0
1074926007180804096,0
1071098716076064768,1
1073722137964412931,1
1072339399738826752,0
1070789902999187456,0
1071163154871267329,1
1070637356162658304,0
1073625143057018880,0
1071533854765268992,1
1073217576174583808,0
1070718242296119296,1
1072367358143066112,1
1072290596000333824,1
1071783651355123712,-1
1072534409146966016,0
1067810509565689857,1
1073545493530185728,0
1068352296638132224,0
1070865655904247808,0
1069945052464599046,0
1073059824945037312,1
1071475004641083392,1
1072327568894902272,1
1072480548520636417,-1
1070821872319774720,0
1069332919980892160,0
1073263010548998144,-1
1070893235655053314,1
1074063136150429696,0
1070860867284201472,-1
1073194906070454272,1
1074434079410585600,-1
1072479471805046786,0
1072686255396278272,0
1069206783414214656,1
1070867146073346050,1
1072923908075065344,-1
1070702550872145920,0
1071602239985381379,-1
1074723186103779334,-1
1071688681604464640,-1
1073370929894486018,-1
1072194125590614016,0
1069983916130488320,-1
1070387327317487616,0
1071158558291623939,-1
1074401736566161408,1
1068853917835018241,0
1071480808786051074,0
1073509467088666625,-1
1069618009726173190,-1
1071548343250288640,1
1069407638801313792,-1
1071307651877879808,0
1074414105006624768,-1
1073533184086814721,1
1071889778105352199,1
1068851802039377920,1
1072368678631559168,0
1073206609864785921,1
1071359178885730304,-1
1072012458628395009,0
1071407477940473861,-1
1074105567822655490,1
1068942403455848448,1
1073517852798410752,0
1071931908634882048,1
1072237634813128704,-1
1072643529518784515,0
1071082865348276227,0
1072379473276866560,1
1071272671302823936,1
1073343581971210241,0
1071905599242362883,0
1072144014328107010,0
1071937704861024259,-1
1072215862277492736,1
1068999295133773824,1
1071929468409798657,-1
1072632530053070848,-1
1069868844028739584,0
1069559268070866944,0
1071910491549708288,0
1072581976652214273,1
1069755877928943616,0
1074334797919588353,-1
1070098919386951681,0
1069306642175533056,-1
1070789031343124482,0
1070876336007331840,1
1070368933633581060,-1
1069677017241710592,-1
1070858185035141120,1
1071816586540015616,1
1071883542072832000,1
1071592045985390593,0
1071791954801897472,-1
1071210583784128513,-1
1073353683147079681,0
1072182080698630144,-1
1074396222406967297,1
1073362848670208000,1
1073400450207150080,0
1073663029823320065,1
1072170612901203968,1
1071797451693146113,1
1068205982965276672,-1
1072207202562252801,-1
1072316654980354049,-1
1073403338530672641,0
1071162928097869824,-1
1074087947346038796,1
1072633292548124672,-1
1070860665752035331,-1
1070652624435888129,0
1073786065545158656,1
1073062427623858176,1
1069711040370356224,0
1073785005493628928,1
1070741621946372096,-1
1072323200434999296,0
1070839573180268545,1
1073648305744306176,-1
1073318365844910081,1
1074781433854603266,-1
1072907632585916417,0
1073639807480254464,0
1070740251243614209,0
1073191574106984449,0
1073627581994491904,-1
1073365823169982464,1
1072516092113944576,-1
1070051700038426625,0
1071795286161399808,-1
1072516363053359104,-1
1069756422790021121,-1
1074443000313470976,1
1069239332152713216,1
1072505307425857537,0
1073010000379953155,-1
1072098055116255238,-1
1070878722285334530,0
1070337885482688513,0
1073930405072564224,-1
1071251824492118018,-1
1074253079242031104,0
1070191586213027840,1
1069669906545807360,1
1072600143285882881,0
1072625542359343104,0
1070903487976914944,0
1072312480477732865,1
1071817900447666177,1
1072994452795465729,1
1070399100913418242,0
1072247651482112000,0
1071473460956852225,-1
1074483313958633473,0
1072297674131628032,-1
1070862180164227072,0
1072186202739142662,0
1074059779440562180,-1
1070516663907508224,0
1073206470337028098,1
1073424955029811200,1
1074482632438833153,1
1072583079628279808,0
1074489552876773378,-1
1070462771433783296,-1
1071423263832727556,0
1070493225918586881,1
1070436972840345600,-1
1072325243535011840,-1
1072446757408264192,0
1071862740426416129,1
1071971590710181888,1
1072131348947763201,0
1071074152143118337,0
1073523427464675329,0
1072217730273689601,0
1072854341684551680,0
1071751372595478528,0
1070863395560349697,-1
1073187323616133121,1
1072422649819742209,0
1070997222530138112,0
1069797597878071297,0
1073334117595529216,1
1070824549304934400,0
1070621322730971142,-1
1071539726765699072,-1
1070531608728518656,1
1071173492379394049,1
1072889892118638592,1
1073246350706384896,0
1073219988524331010,1
1070982404704215040,-1
1072851198238224384,0
1073380690983555073,0
1071253229332238336,0
1072198726691840002,0
1070331167721832454,0
1074315746065432577,1
1071008984419704832,-1
1073649780839071744,0
1074415437377605639,0
1070350516650237959,1
1068493020247588864,1
1072081836728377344,1
1070153964358959106,1
1072287618807799813,1
1073713991262842880,-1
1070048847202869248,0
1073773635792453632,1
1071479213142802432,1
1072975382209617920,-1
1069774172837031936,-1
1073177625684774913,0
1071143497200222208,1
1070898407491948545,1
1074946635766120448,1
1074796464042401793,-1
1071074186234339330,-1
1071553436586520576,-1
1068659832176168961,0
1070033281847083013,0
1070858408276975616,0
1068819622982545408,1
1072189077309542403,1
1074003062673555456,-1
1074732288464863232,-1
1071385886825287680,0
1074471667655761920,-1
1070869975219531776,1
1072115467492487168,-1
1071023080565288960,0
1072266554908254208,0
1070976265488863232,-1
1072580866310881285,-1
1069748268559724546,1
1069975214090522624,1
1074797637159792640,-1
1073292398866915330,0
1071120640374177793,-1
1072158544001200137,0
1071037553527189504,-1
1070067667170705414,0
1072216311583948801,1
1070522343473205249,-1
1070877814621200384,0
1071766484953767936,0
1073049708485111808,1
1072877103060840448,0
1071344772386906112,1
1073050108311285760,-1
1071839265527607297,1
1071111184932368384,0
1072817329707327490,1
1074820230927581185,0
1073169191203758080,1
1072974855174270977,0
1074030550367776768,0
1071804572908310529,1
1073681166031568896,1
1070580160532021248,1
1070520359814860800,0
1071423134534959105,1
1072647991394217984,1
1074202336820641792,1
1074442348539600896,1
1074083085732470784,1
1070668919780847616,0
1068829453839667200,-1
1071161149968797696,0
1.07164E+18,0
1072946433496621056,-1
1072975334470021125,0
1070031409547542528,1
1074483514966532096,1
1072924422074494976,-1
1072372519729070080,0
1072666779992932355,0
1070967361136660480,1
1070231916010450944,0
1067507622167920640,-1
1071154147939024896,1
1069349301900533761,1
1071533855746781184,1
1071620301287550976,0
1071065330171076609,-1
1072321516677840896,0
1074362813462777856,1
1074849639696863232,0
1070371480284864514,-1
1071365429082419200,0
1073372527613935622,1
1071893252197023745,1
1073229405848289281,-1
1073045876036288512,-1
1069574410389151744,-1
1070997196831629314,-1
1073318395125342210,0
1070692587491737600,1
1073895857613869056,-1
1071498699166179328,0
1073934685405921281,0
1072873908506783746,-1
1070455104384458752,0
1072185799792357376,-1
1074472185010348032,1
1071978229609717760,0
1070797640370176004,-1
1073577928221450241,1
1073142147736580096,0
1070323234057408513,1
1073037428280168448,1
1074939945645719553,0
1073729928435261440,-1
1072778012536516608,1
1070903052004155393,0
1071137053755273218,1
1073332682246053889,1
1072453737808084992,1
1073257310749888512,0
1072233637003841537,1
1070746570977624064,1
1072693244415434752,0
1074605546936918018,0
1072646520586031106,0
1070002453456842753,0
1074259344672387072,0
1072159433973776392,1
1070870029284065282,1
1072129141854621701,0
1067858117336211456,0
1071624504236011522,-1
1074129229418242048,1
1070359597347692544,1
1071214881037275137,1
1073444510779260934,0
1070831479259848704,0
1070396220961632257,0
1073227882724495360,-1
1068133667170643968,-1
1073299317216169984,1
1071065779842498566,1
1073733506457657344,-1
1068502725552422912,1
1072087357468364801,-1
1069336220612915202,1
1071467160587907073,1
1072131755396788225,-1
1072938716363149314,1
1069295849761574913,0
1071613909424050176,1
1071031399828852737,-1
1074740575390306306,-1
1073096452535136256,0
1072865308778487808,1
1069986377092251648,-1
1068332013508284416,-1
1071873627040169989,0
1073053293449003008,0
1074332318431698945,1
1072865696147623936,1
1072978076257173505,1
1070724733522665472,1
1068549637613723648,-1
1074043414063341570,-1
1072849244258754560,0
1072998516916662272,1
1069962849416564736,0
1073745904396656640,0
1070979704772014080,-1
1073578549913812994,1
1074259475681427456,0
1072368430232334337,0
1072838640282279936,-1
1074428150447255553,0
1074144825128206336,-1
1068266119750959104,1
1071612421985439744,1
1070633980737806336,0
1072353395296604161,-1
1071583725945790464,0
1070967367268737025,1
1072301837678714881,-1
1073970962956210177,-1
1072507571016224769,-1
1071103988555280384,0
1072571165758119936,0
1070629450667212800,-1
1070243255978217472,-1
1074608704241221632,0
1070668926256930817,1
1072495574111412225,-1
1070666297825026048,1
1071766869663731716,0
1070482010173517825,-1
1070733545302302721,1
1070769695777808384,-1
1071606198183563264,1
1074099380007899137,0
1070858533279657984,1
1069348379694649350,0
1070694374017773569,-1
1071747508039229440,1
1074696631801520130,-1
1068212349415362560,1
1073240044419325954,1
1073137574808616960,0
1070528933223981056,-1
1072302634349010945,0
1073151785836142592,-1
1073652054663577600,0
1070823688751206400,1
1072154675456155649,1
1073993087901417472,1
1072150844542500864,0
1071232828388581376,0
1068799328863612929,1
1073377468122312704,-1
1073531916534439937,1
1073594988343291904,1
1067842507319508993,1
1072134926269591555,0
1070873111086723073,1
1070467201231175680,0
1069992798672379907,0
1069791646039138305,0
1072635610920292352,-1
1070715866612989953,1
1069377218244157440,-1
1071102624831864832,1
1072662503405051909,-1
1072934312281018369,1
1074055910102888448,0
1070693202942984192,0
1069626801272627200,-1
1071134039220912128,1
1070875990027632641,-1
1071239404142911489,1
1069726238502195201,0
1071891363363467264,0
1071516463943610373,0
1070716612515373058,-1
1070718189053587456,-1
1070530257944485888,-1
1072885493640126464,0
1070400022657859585,0
1074700896439861248,-1
1071884755380174848,-1
1071064200867471361,1
1071905592812421122,0
1072735247589146624,-1
1070031030936109057,1
1069747152333598720,-1
1072659712028655616,-1
1069202213698981893,0
1074866460772712449,-1
1071956059210821634,0
1074326590602047488,0
1069389566342131712,0
1070357261627858944,-1
1070791626610610176,0
1071623267042103296,1
1072133064791339009,0
1072128317980057601,-1
1071947462296915968,0
1070656798133235713,0
1072197182214819842,-1
1069389180709539842,1
1073232801447768069,-1
1070850358812000258,0
1074259520803749889,1
1070146748209922048,-1
1069167079188824065,-1
1074091059444097025,-1
1069678042417647617,0
1071134328111935488,1
1070089343040147457,1
1073973435108343808,0
1072080138681114624,0
1070586639360110595,0
1071049483276959746,-1
1072678069427757056,1
1068673994881146880,-1
1071137845522427910,-1
1069955421711073281,0
1073317896737173504,1
1069668404217430017,0
1070458601943261186,0
1073351062898335745,-1
1072426056894828544,0
1074723322926116864,0
1070853747172102144,1
1069419821270515713,-1
1074833984721436679,1
1074839556078387201,0
1071641056993792000,0
1073217037705461760,1
1072631591292280832,-1
1072648082570051584,1
1069992779672182784,-1
1071196680840798208,1
1070867264352780288,-1
1071537020068081664,1
1072848469726031879,0
1072950153311588352,1
1073978450321567744,-1
1074189525264551938,-1
1071252815161438208,0
1071248265939746816,1
1070868141784424448,0
1070873008846319616,0
1072151627153530881,1
1070142620683386881,1
1073323938267230208,0
1072977922158407680,-1
1071257723864518656,0
1073624861644374016,-1
1073766031880056833,0
1071477954310483969,0
1070836948741357568,0
1072644875370291200,-1
1071117711474913285,0
1073281987547447296,-1
1069349202176737280,-1
1072125599366426626,0
1068893673734250497,0
1071945292717678593,0
1069352569040965632,0
1073530850602573824,0
1068951359670689794,-1
1071924833720643584,1
1071585211941576705,1
1070887921484472321,-1
1069778184978268160,-1
1072201005742342145,-1
1074296303419645952,-1
1072140526139383814,-1
1068961113100951557,1
1070985681265135616,0
1073752164739309568,0
1073308072343470080,-1
1073330812744024065,0
1069652473860841472,0
1070681494929199104,1
1070710044944162821,1
1074500763697770496,-1
1071232353576591360,0
1070680983509307392,1
1074142735987326976,-1
1072839300444811265,-1
1073379074641461248,1
1072808653202296832,0
1071582244270153728,1
1071964535312015360,1
1069267496052682752,-1
1073999065376022528,0
1070061543545548800,0
1069376272646762498,1
1073307390353793027,-1
1073213493887819776,-1
1074841787670454275,1
1070537480800210945,0
1073319409693937664,-1
1069330749017473025,1
1073920474940362752,1
1072131991397695488,1
1074091894718763010,0
1071582152972791809,-1
1069437331411795969,1
1072873624355237890,1
1071903053513715712,0
1070680761194475521,0
1071903318086172674,0
1072357248356245505,0
1071072004529422336,0
1071163555418906624,-1
1072369819905863680,1
1073379848666669056,-1
1072055529789419520,0
1072081727055687680,1
1073625039503835136,1
1069233271958118400,-1
1073627566186090496,0
1071016447302926337,-1
1071494929841557509,0
1073389680433999872,1
1072229630181040128,1
1074280772448804865,1
1074444372127703041,1
1073915713318981633,-1
1070477389497593857,-1
1068241316474167296,-1
1072680946745384962,-1
1070874507274002432,-1
1071466969600311298,0
1070710559497220096,-1
1072488056496812032,1
1071476089992687617,1
1071823692760539136,-1
1072276851303874562,0
1068676498062757890,0
1067929349989519360,0
1071023835493924865,0
1069910387741597696,1
1071960823575261184,1
1070854892028395520,0
1071798097070706688,1
1071920810607161344,0
1072936306513199104,-1
1072186641492729856,0
1069756639698407424,0
1072961341181300737,0
1074316190900727810,-1
1071055207436558342,1
1073900508446973952,-1
1070376923438739462,-1
1071774396140920832,0
1073734931124232195,1
1071574004622913536,-1
1071369453403807744,-1
1074878614561275904,0
1071458184626429953,1
1074790787278344194,1
1069156638479785985,-1
1072993893032099841,1
1071852064412758020,-1
1074142465668599809,-1
1070861789737422849,0
1072228871129481217,1
1067811616165638150,0
1070331573290090496,-1
1074020355969310726,-1
1072975311313215488,-1
1070518804353028097,-1
1073680922287984640,0
1071810396439359488,0
1073320907584745473,1
1073918050875949056,-1
1073324721943531520,1
1069580235170086912,-1
1072324962797674496,0
1068705253003091969,0
1071484929853349888,-1
1073049132451987461,0
1072636430760009728,0
1070494558155362307,0
1071802881018347521,1
1070740105537691649,0
1071424075183112193,1
1070459430318301184,-1
1071835904715710464,0
1071516494658502657,0
1070827572349538306,1
1071117225568976897,0
1072504982010806273,-1
1074829003691868161,0
1070635599776940032,-1
1074338083917709313,0
1071928957442949120,1
1070437206064545794,-1
1073002029604397057,1
1073274314504441856,-1
1070846637835194368,0
1070398865159929856,0
1068826054167601152,-1
1071198629505855489,0
1072349264628604930,1
1072183110291333121,-1
1070814373361405952,0
1073036635674173442,0
1072330789336043521,1
1071796916143427584,1
1071225807551508481,0
1074083308437467137,0
1072466970656808960,0
1070698163995074560,-1
1071537343570558978,-1
1070981891954601984,-1
1072658743928729602,0
1071562945895825409,1
1072341075354886144,0
1070878648004214784,-1
1073981467993219073,0
1070012100972556288,1
1073365038713454593,0
1072867888464191489,1
1073341131293900802,1
1071972860028182528,1
1071022404653211654,0
1069049733203791872,0
1073746906541641729,0
1070857904260046850,1
1072164482108006400,0
1072273587271282688,-1
1074752595783229440,1
1071810043484536832,1
1073214964305936384,-1
1070875623000817666,1
1069660748689874950,0
1071640081373511681,-1
1068862482356277249,1
1072293392678305794,1
1070838214678769664,0
1070168168407146496,-1
1073189536321155072,-1
1071351914628112384,0
1072642363066068992,0
1069356197835362304,0
1072525214230241280,0
1071422689938731008,1
1069724828419133441,1
1073622523852529664,1
1071931564777488384,0
1073050266675699712,-1
1072977038900948992,0
1070666363486769152,1
1071391503099006982,1
1071559483019661313,1
1071890074479091712,1
1073585549397635077,1
1073539341668909056,-1
1071935278372270080,-1
1074901147939422209,-1
1072950446602498048,1
1071050424629846018,1
1073123463957807104,-1
1073539631801659392,-1
1070865531459244032,0
1069313560138924032,0
1070488880019845121,1
1071171844563197955,0
1073271370589630469,1
1070638202136989697,0
1071192150438830080,1
1070867603051216897,1
1070068385524920321,1
1071688406642671616,0
1073339746791903233,-1
1069710000296206336,0
1071920051014508544,1
1070891139471998976,-1
1069653622529630208,-1
1072163483096100864,-1
1070830016492122113,-1
1069337291108306944,-1
1072143128726069255,0
1072036785381892096,0
1074731960570966022,1
1069279029025476608,0
1071190316496101376,1
1074055454261735424,-1
1072804749278244865,-1
1071577657647730688,0
1069579084374654976,-1
1071620967863078912,-1
1070311398696239104,0
1070763580734271489,-1
1069353579738222593,-1
1072333960905138176,-1
1074530463925059584,1
1073188173239517185,1
1072866973036437505,1
1073329802214555649,-1
1070843135440445445,-1
1069978556548157440,0
1071717171611492357,-1
1070847490759557120,1
1071194355363405825,0
1070411432431370241,1
1071639963744256000,0
1072829487585394694,1
1072336741141491712,0
1072636159510102021,-1
1069001511383048195,0
1070875049224228865,0
1071786491922259968,-1
1070631897255026689,-1
1071065914618114049,1
1073039543132135424,0
1074072030889291776,1
1073226409517158400,0
1074260212847177728,0
1069447664964644865,1
1073007784998907904,1
1069971966076043264,0
1073053859185131520,-1
1070013090031386625,1
1071640256070459392,-1
1070754600494555136,1
1071869540546568194,0
1070642262294564864,1
1072676683419926528,0
1072926076106608640,0
1071197845779304448,1
1073237059412856832,1
1069929062997602305,-1
1067930230667530240,-1
1071936833750228994,1
1073328734562906117,0
1073654845637361664,0
1073542074518118400,1
1069363301803528194,-1
1072840576704413697,0
1070704877314158594,1
1071530174666166272,0
1071371728075612161,1
1072099806246551552,1
1073008993814097925,1
1070873469854904320,0
1073996196363022337,-1
1074061672694931457,1
1073607619556925451,1
1072202654305173504,-1
1070251601032564736,-1
1074819080857812992,-1
1073312616553041920,-1
1073248822925631491,-1
1071236335829172226,0
1071206365048291328,0
1071541992058953728,1
1074743220628873218,0
1068236362640441344,1
1073517426250264576,0
1070432499447279616,-1
1069404853322027009,0
1070164302886301697,1
1072874458715709440,-1
1072697565504790529,-1
1072507069553696768,-1
1070844319538528258,-1
1072132318385631232,-1
1073061973703778304,0
1067932584959721472,1
1067980915220144128,1
1073758235469979648,0
1071554419043504128,-1
1074142121341476864,0
1070002600236453888,1
1072120393148850176,0
1071533808606957568,0
1074432088277950470,1
1074840405320101890,-1
1071938481407123456,-1
1072889517818998784,1
1073077172175294470,-1
1071036598148575232,0
1070525404270743552,1
1071004506241056769,1
1072709134301192192,0
1072849706072633345,-1
1069972180610543618,0
1069036692898832384,0
1070281879528660992,-1
1071019838301196288,-1
1072368033870557185,1
1071039174571159552,0
1073008961333444610,1
1073582281607012352,1
1071476010846171136,1
1072979748970729474,0
1074482524821315590,-1
1074037425167466496,0
1074234257000857602,-1
1068168091203440640,-1
1071504438588788737,1
1073322886453256192,-1
1069997437689978880,0
1069188317634277376,0
1067577955910594560,0
1070920949552373760,1
1070991999665364994,-1
1070550889621045248,0
1070314682689511424,0
1071494984254275585,0
1073792586547105793,-1
1070867472260177921,1
1071645412799459328,-1
1068846951729438720,0
1071052679009456129,0
1073302663188623360,-1
1070808445459357697,0
1071491512041648129,0
1071772485497032704,0
1069703198477348864,0
1072566258644721669,0
1072477270655283200,1
1070835827989716997,1
1068579773675462656,0
1071570964348108800,1
1070152523431010304,-1
1070358842784079872,0
1073338208040177664,1
1070519704463249408,-1
1073604512663904257,0
1072320544882769925,0
1068161169079324678,0
1070884517995601922,0
1070719285406908418,0
1073568373118771200,0
1070845826912665605,1
1071471343638642688,-1
1072670779123396614,1
1071876102510010368,-1
1071081841040523264,1
1072138284569120769,0
1071149474968424448,0
1072053316899799042,-1
1073074911051173888,0
1073050683803385856,1
1071537879996948481,1
1073062696281616384,0
1072877256257740800,-1
1072974244563304448,0
1074353928710619139,-1
1070510979035947008,-1
1074146586505170949,-1
1072010201732132864,0
1073023330993737728,0
1070625438198845440,0
1067768712218972160,0
1073941603138580481,0
1072184023462629377,0
1069539317155069952,1
1072052279505764352,0
1072849596320120832,1
1074045245615210496,0
1074731963989323776,-1
1071728369144872961,1
1070317027297058816,0
1070838294286688256,1
1068027949495009280,1
1072861316518297602,0
1072955739558289409,1
1070120146574958593,0
1069974269587787781,0
1070500661505216512,-1
1071424817092587520,-1
1069026310985588740,-1
1071359641781723136,1
1072204075977138182,0
1071789909915123713,1
1073052347117522944,-1
1073528098807779329,-1
1068188968578154498,-1
1072151371699445761,-1
1073672709505212417,0
1074373952561184768,1
1071525939299971072,1
1070084327260741640,1
1070316531962261504,1
1073967153601228800,-1
1073998365304729600,1
1069590975952142337,1
1067498341888593929,1
1070098702860279809,0
1070761932544770048,0
1074201872024641536,0
1074817047069114368,-1
1.07358E+18,-1
1070502551706132480,0
1069990272531095554,1
1070682785218736128,1
1072268911343796226,1
1069998355659526144,0
1071002826258726912,-1
1074358112734363649,0
1072343957831630848,1
1071858941636866049,0
1070725982326280192,-1
1070571674674839552,1
1071756783138562048,0
1070281255676190720,1
1071198768790413313,1
1071529524381278209,0
1071581820171546624,0
1074866161660125185,0
1072678779137478656,1
1071133657891508229,-1
1071045917598474240,0
1070481159904223232,1
1071249530002251776,-1
1070463331562074112,0
1071805878372876290,1
1074115049105616896,0
1073290217619111936,0
1068668179742896131,0
1071019294346174464,-1
1073508953533935616,1
1072490496218550272,-1
1071979014590480385,1
1072366372125114368,1
1070985773325930496,0
1074354131249389570,-1
1069807016108007425,-1
1070566199208087552,0
1070350432491503616,1
1073217954563715072,1
1071959804992806912,1
1074256934205825024,1
1074500121604304897,1
1073632853575913472,1
1071557752877654024,-1
1070511441441112064,-1
1073288057430949891,-1
1071155828701450240,0
1072579291148365825,0
1073060474487476225,0
1072215015183343616,0
1072234837791117314,0
1071887274961457152,1
1073334392549007360,0
1071810510549602304,1
1072212902784970752,-1
1071494291934101506,0
1069404135496314885,0
1071923900127301632,-1
1072897431111692289,0
1074141430430486529,-1
1070765364873699328,0
1073619040118169600,1
1070836376097169409,-1
1072931575610925056,1
1071166400566358017,-1
1071632774321315840,1
1070461707833827330,0
1071261981804503040,1
1069396062153187335,0
1069165842548617218,0
1071167858946785281,1
1073585160862531584,1
1072815917762035715,0
1072233150917558279,-1
1071479769647202306,0
1071664156309368832,-1
1073367869843537920,-1
1071083456749289473,-1
1070498443909627905,1
1073376678406209536,1
1074838560434458625,0
1072690920175349760,0
1073398302790615040,-1
1073174104533098497,1
1073042522501496832,1
1069763730941075457,1
1072325952699621376,1
1070052143019819008,0
1071844749663977472,1
1074486418062409729,-1
1073627596150267904,1
1071128937898610688,-1
1072468142738337794,0
1072083105656307712,0
1074653471427739653,0
1073160088226095104,-1
1071643405871181824,-1
1070789533908783105,-1
1070627094399459328,-1
1072310687039401984,0
1074607490656985088,-1
1073237779168067589,-1
1071709683939983360,1
1070601788020195328,-1
1068868977798144002,1
1071131865208238080,1
1074077747939602432,-1
1072121188124647424,-1
1071154738677383169,0
1070836021561057281,1
1069602261947568129,1
1069219003191705607,1
1072392254168412161,-1
1073608041109577728,1
1068451787244560384,-1
1072912233636741120,0
1070938163047219201,1
1070063814501113857,1
1071900072160440321,0
1072518329540186114,1
1071981018155024385,1
1072665014228656128,0
1072850342033932288,-1
1071391109014831104,-1
1072671660778680321,-1
1069452593573896192,0
1072245782621904896,0
1074869518361681920,0
1070476041674727425,1
1071357240970485760,0
1071902889206054913,1
1072227877142302723,1
1072223745413185536,-1
1074387224450527237,0
1074101352526241792,0
1070335562933039104,1
1070866801691713536,1
1070826353358974977,1
1074794517822431234,-1
1071171807686860808,-1
1073894763148009472,1
1072319569837072384,1
1070798816847249414,-1
1072142339957800961,1
1069381909455806465,0
1072460959132905472,0
1072669336924495872,-1
1073905704120012800,0
1071907189206511617,1
1071867105199288320,0
1070286790542667776,1
1073998534767202304,1
1070819072445739011,1
1070698734995017728,0
1072321508834467840,1
1073329163677917188,0
1073737681551659009,1
1073280718841831424,0
1071234429752889344,0
1068524324649201666,0
1072469980107689985,-1
1068352655679021057,1
1071910130042703872,-1
1070925639543328768,0
1070966496619364352,-1
1068934805314781190,0
1070688733341646848,1
1073055585950687232,-1
1071423930903216133,1
1069735875305709574,1
1072079518813310976,-1
1073257194638987270,1
1070834888465678336,1
1073403157433204736,-1
1073025150164066304,-1
1074842399757750272,0
1070726095320870912,0
1074822910257324032,-1
1073674085736046593,1
1072848675871879168,-1
1074067418216054785,0
1070309850830266368,-1
1073001511226097664,1
1069255521620897792,1
1074099967835496449,0
1072421476337369088,-1
1070375584763666433,-1
1070067771394977792,-1
1072151665921454081,-1
1068115760260833280,0
1070467207665209345,0
1072591591418814470,0
1071448932599980032,0
1070236560883376128,-1
1073321807715934208,0
1072341218489757698,1
1071306351471661057,-1
1073586254732775424,-1
1074259857556074496,1
1069450963205918720,1
1071558622319124480,1
1070799289281118208,0
1074713837285314560,0
1071034799475826693,-1
1071152729840590849,0
1072852394948599808,0
1072096113413496832,-1
1070394485299953664,0
1071177472526442503,1
1071134296012980225,1
1070853213484695553,1
1071025938396262401,-1
1068419288388829184,1
1074262444162342913,-1
1073633089979604992,1
1071933631281672193,0
1073241798749892618,0
1070289181988061184,-1
1071817505277206528,1
1073325009102352385,1
1072692044437569537,0
1071165460635414529,0
1073094670018904065,0
1074791427337580544,-1
1072983858063253504,-1
1072127405865820161,1
1070694540229660672,1
1070996537340248065,1
1072216773896912896,-1
1071465348183048192,0
1072960058512826369,0
1069407975931039745,-1
1071947320231714816,-1
1072324657452343297,1
1070699805544976384,0
1072146191272558592,-1
1074903087364669440,-1
1073567646787010560,1
1070858385451565058,-1
1071629613816795136,0
1072943477967732741,-1
1071758907629060096,1
1069896126394982401,1
1069939420323856384,0
1073784657311866880,1
1072623834635952128,1
1071546490814914561,1
1073794080663105537,1
1069357751363649542,0
1073052178095505408,-1
1070720748602474496,1
1072643985464791040,0
1070495681037647872,0
1072953186724519936,-1
1071630576434733056,1
1071870297169637376,1
1072860368668512256,-1
1073358685261492226,-1
1073035409502932998,-1
1069959847997775872,0
1073237254800359424,0
1072881776668884992,1
1069854328813428737,-1
1070826725343408134,-1
1069602267215597568,-1
1072618510998757376,-1
1072938790023503878,0
1073520373671649280,0
1071775230232793091,1
1070965694009892864,0
1072493311330537472,1
1072209440823263237,1
1072608392940830721,0
1072367870292754432,1
1074495638895804417,1
1073215441391247360,-1
1070673248424222720,0
1074061562707673088,0
1071251299314921472,-1
1070861249179729920,1
1072328685112434689,0
1069771747254251520,0
1072221103941189641,-1
1071924116566040577,-1
1072898344945639424,0
1071925261275463680,1
1070680249380290560,1
1072550517128208384,0
1072278941791150080,0
1073593941482704897,0
1073405259169566721,0
1069952953765769216,-1
1071528951376478208,1
1072866951494389761,1
1071603527045316608,1
1072018679120961536,1
1069948303587110913,1
1072198724011597824,1
1073921057143316481,-1
1072298206271291392,1
1072875104336601088,0
1068677663798321152,0
1071789559413964802,1
1071402717095124998,-1
1071162558512619520,0
1071082161795686402,0
1073003286607876101,1
1070704507137548289,0
1067469835637014533,-1
1073250656385933312,-1
1073220894095523840,1
1074874946323656705,0
1071840730560253958,0
1069924353243004928,-1
1074418373650497536,-1
1071052407109505031,1
1070413720273203202,1
1073535079094370306,0
1070870163753451521,0
1071538732858249216,0
1071901119046135808,0
1071716913993187328,1
1071036118106324993,0
1071860780797231106,-1
1069611878744231969,-1
1071180616245370880,-1
1074924915202158592,0
1073405325229854721,0
1069653401162649600,0
1074441146338816000,-1
1071864837528043520,1
1071375129568047104,0
1070385337724297223,-1
1069397280300634113,1
1072786888140967936,1
1074332623760211968,0
1069024855193001985,-1
1071788480731250693,0
1072294333058089058,-1
1071186314064789504,0
1074352186585432065,0
1074230453983477760,0
1073581794061152263,0
1071662217001660418,0
1071803759364313090,0
1071068172500041728,-1
1071786342500061186,-1
1071657171157442562,-1
1069096484086472704,0
1071020759735287809,-1
1074433575544635403,-1
1071899466771374081,1
1070459775601774592,0
1074723059838435328,0
1068666331506061312,-1
1070310876048224256,1
1070358002199339009,0
1071895961407029248,-1
1070490364304416768,-1
1073269721720610816,-1
1072451590794162178,0
1072980139976347648,0
1072329232532033536,-1
1073238639809843200,-1
1071644042155438080,0
1072354385806659584,0
1072165104068767750,1
1070104334858379264,0
1072865274217426944,1
1073553459935350784,1
1069254893582589952,1
1072690604554027008,0
1071527342504329217,0
1071136016172507136,0
1070750296463343616,-1
1069553787533213696,-1
1070693175726141440,1
1071083422813175808,0
1071851714263814146,-1
1071492578858729473,-1
1074469765270462465,0
1074443145734221824,1
1070739581501390848,0
1071590878962171904,0
1070805080448876544,0
1068997474684215296,1
1071498598309945344,0
1072369450530295809,1
1069929196846239750,1
1072119935244124160,0
1073895285036867585,0
1072795110281281536,0
1070823722838343681,0
1067788506381066240,-1
1072961176496209926,1
1074266831505055744,1
1070801618206109701,1
1070146256889135106,1
1069200972893863937,0
1068175965329727489,0
1073382845312352257,0
1070725517920346113,-1
1074210457462943745,0
1074052511353528321,0
1073639672268668930,-1
1074349642308038656,1
1074493634836398080,-1
1070865327091802115,1
1068551729673904131,0
1071676851989463041,0
1071529691645964289,1
1073636089083121665,-1
1074259655273181185,0
1070023485630636032,-1
1072853205120360448,0
1072222009894060032,-1
1069681406111113216,0
1070817071557210113,1
1070596727105818624,-1
1072225336635609088,-1
1073682590081667072,-1
1072104569176502272,-1
1070842211393265665,-1
1071402845616922626,1
1073519727887175680,0
1067459439618416641,1
1073553217273896960,0
1074700197035470848,0
1073319540153614336,1
1073351676545896448,0
1070502772318064640,1
1072271681379549184,0
1074312384326569984,1
1071744291213635584,0
1074435963047284736,1
1070449530125119488,0
1073281273425219586,0
1070317830292324352,0
1072141218027581440,0
1069610193636519937,0
1074109157513543682,-1
1072689801181188096,-1
1071633414602833920,0
1068417160408641537,-1
1071153125854199808,0
1070531267949719553,-1
1073035101515202563,1
1069322650047184897,-1
1071313441711943680,1
1070827568323010560,-1
1073577287294087168,0
1073270609671544832,0
1070860034215739392,0
1073949595514884096,0
1070254136531259392,0
1073624595608027137,0
1071202962473660416,0
1072800808817909761,-1
1074433529440886784,-1
1071197196593319938,-1
1072660911368884224,-1
1070674937059397632,0
1070840831722971136,-1
1074499861473570818,-1
1073947958394175488,-1
1070126484143120386,-1
1072840376896106496,0
1069648374528425984,0
1071132888706531329,-1
1071575633849921536,-1
1069409836415283200,0
1072288209088995328,1
1072865315875250178,-1
1071861919965949952,0
1071132399591919617,1
1073329322549743624,-1
1071608849386360832,-1
1074443827753058304,1
1070474446153101317,0
1073503472383918080,1
1073870596780494848,0
1068327410750365701,-1
1070369092794793986,0
1072215783722414080,1
1071128354110218240,0
1071053862776266752,-1
1071213716648153094,-1
1070490086381404160,-1
1072425965802975232,1
1070703120798416896,1
1072589548394344453,1
1070756417584447488,-1
1074380360769769473,0
1073947361867718657,0
1070964751851810817,1
1073948336946860032,1
1073057357108862976,-1
1070867233696563202,0
1074432425730596864,0
1074170135655501824,-1
1073046933139275776,0
1071894935908040704,-1
1074831377227485185,0
1072531972814188544,0
1068795223231336449,-1
1074397504341467136,-1
1071031565877170176,-1
1071859129814319109,0
1070625935811072000,0
1072703208395603969,-1
1074376865673068545,1
1069665574291165190,-1
1070712245439614978,1
1072484382055825410,1
1071390622328721408,1
1070817836111724544,-1
1073454600366235648,1
1072129253838327809,0
1071138821721460736,-1
1073259324980584448,0
1073216914388848640,-1
1074695518503223296,-1
1072936588110381056,1
1073285172802523139,0
1070834787978481664,0
1068681208371077120,0
1070158600356683777,-1
1069966911805501441,0
1074330807374876672,1
1072817983406424064,0
1074099574619426818,0
1073531884787941376,-1
1073638819315007489,1
1074031145245966337,0
1074838793671331841,1
1072423954504126464,1
1071129225028087809,0
1071198244485718017,0
1070503715973591040,1
1072242034394619904,-1
1071181044492185606,1
1071202728939044865,-1
1068173652812808192,-1
1071579029315178496,-1
1071112239237738496,-1
1070669928863289344,1
1071116317300797442,-1
1071230769425723392,-1
1073517478763028480,0
1068218218882498560,1
1069597181617811457,0
1074225915175985154,1
1072886701759045635,0
1073046078361124873,1
1070576917475151872,0
1071862506841407490,0
1070099641126060032,0
1073662026600321024,1
1071727331872526336,-1
1072317351830392832,1
1067786057557643265,1
1069932749795012608,0
1072565021002137600,0
1071580187475742725,0
1069620819641491456,0
1071037564528799744,0
1073566329108602880,0
1071057188788023296,-1
1069944567439523840,0
1070509005011865600,1
1070925417513713665,-1
1068368194631622656,0
1069384777889910784,1
1070858127069929472,1
1074484662922289154,-1
1069610421252997121,-1
1072359192625860609,0
1074525127268818944,0
1069710424281702400,1
1070661836939366401,-1
1068265202544721920,1
1071274758233317377,0
1072305206044606469,1
1074422225422483463,-1
1073523648986865665,0
1073933160587628544,1
1070048418347839490,0
1072059772516605952,0
1071799251850674176,1
1072152867593773057,-1
1071074648761221121,-1
1073200731690332160,-1
1071480291011805184,0
1071013106376208384,1
1074097375625527296,0
1071603273872887809,-1
1072881159913250816,-1
1073031258693885952,1
1071628944452018176,1
1073231071100239874,-1
1071930069814267907,0
1071082864157093889,0
1072487749414985728,0
1071423544989495296,0
1070417510812565504,-1
1071040600840003584,1
1073271718947553281,-1
1071938090133008386,-1
1072070070371803136,1
1074698321787269121,0
1071386742719156224,1
1072316862938140681,0
1072508072713703425,0
1073008179116687366,1
1072221894525575168,1
1073324889094938624,0
1073245123494973440,0
1072577716292075520,1
1071372936764903424,0
1074271223943700480,0
1070488310773137408,1
1073979436238860288,-1
1070480299010768897,0
1071572323420069888,-1
1072623848028291074,-1
1073344483943690240,0
1070327723267158017,-1
1071702248072323072,-1
1069469820503171073,0
1069936563814105088,1
1071245272091688960,0
1072870521484627969,0
1073269793871093766,-1
1072384034297270272,0
1071850136354127872,-1
1072947891461865474,0
1072653932349005824,1
1072314105070014465,1
1072436971224645634,0
1070884475364622336,1
1071448875754549249,0
1073686766870237184,1
1073693464800436226,0
1072778850386542592,0
1070862839735312384,0
1073813197172412416,-1
1072113061073481729,-1
1070474385566392321,0
1071156054782869506,1
1073532414239084545,1
1072950919007035392,0
1073079420792029187,0
1070785584191426566,-1
1074000481620541440,1
1073369759083827200,0
1072128027281248257,1
1068751100151545857,-1
1073058514954846208,-1
1073577770402357249,-1
1070899361259884544,1
1071023755516960769,1
1070669495562330112,1
1069798914830843905,1
1070764951575425025,-1
1070719316088274944,0
1072243091514511360,0
1072848416160538624,-1
1070098075753025537,1
1071832176252121090,-1
1074451314774560770,1
1072640763304009728,1
1072643648548954117,-1
1073024080566255619,1
1074072414282244097,1
1073562060561223680,0
1071884772484489217,-1
1074723142428442625,0
1072418825608548352,0
1069331226861948931,1
1067764626518102018,0
1070383232456290305,0
1071417947405590535,-1
1073036101307256832,0
1073723940558778368,0
1070630724909314048,1
1073368480865509376,-1
1072605029192921091,0
1071605512922456064,-1
1068098978242330624,-1
1068597711014899718,0
1071561274293653504,1
1072644482028503041,0
1071927785571213318,1
1071990298572656640,-1
1071871203923636224,1
1071059404911448064,0
1072846937555124225,-1
1070995225835917313,1
1070850397647069187,1
1073649056507969537,1
1070864482153521153,1
1071962687985324032,-1
1074278340952014848,1
1070877555035701249,0
1072175433167327234,0
1070076195000238080,-1
1074093985239580677,-1
1071795535999369218,-1
1072923232548896770,-1
1070008416507215872,-1
1069965812428169216,-1
1071619477358501889,-1
1073194473591631873,0
1069924840474333184,1
1072017060346191872,1
1072152522415058944,-1
1074404638768668674,0
1071863946926321664,0
1069996811308425217,0
1069213242311012353,1
1073781158654152709,1
1071174033218134016,-1
1074066752974323712,-1
1069410545504260097,1
1073186951866535938,1
1072525287181701120,0
1070760881825439744,-1
1071242695266451457,1
1071516185055899648,0
1073892054923730944,-1
1070693131862110209,0
1071536199460929536,0
1073690898632990722,1
1070876391384760320,-1
1073591592483725312,1
1072698945174941697,1
1072296884662865920,1
1073076506929389568,1
1071038506301091845,-1
1070882495393079298,0
1069939661609553920,-1
1073554627025612801,1
1073710893224087552,1
1070275056037781510,-1
1072511708319633408,0
1070836301677674496,1
1069845842859835392,-1
1073173224664510469,-1
1071534944948809729,1
1074259068691378176,0
1072587615369609216,0
1074664853674123264,-1
1072320317299810304,1
1071030171480788992,1
1072557416938647552,0
1071117002838851586,1
1074080969735528449,-1
1072101908909826048,1
1071785518814384129,0
1071874506598305792,0
1072273701176033281,0
1071113602873073664,-1
1072661141153869824,0
1070865455278186496,-1
1070648784684793856,-1
1072650402041085952,0
1068124446014259201,0
1071233408066617344,-1
1074525348170215425,-1
1072215499667312640,1
1072626772867473408,1
1074487002114994176,-1
1073157714619101185,0
1073952951092285440,0
1072174193163321344,0
1069411425507045377,0
1071624649765724160,-1
1073776176282394629,0
1072447597221199873,1
1074483624035135498,0
1072858718071603200,-1
1072162871830896640,0
1070875822054092802,1
1072505678659547136,1
1071216196937240577,0
1071539680502538243,0
1071877034773757952,0
1073673266626289666,-1
1068661803910135814,-1
1069407069827149825,-1
1069586175550259200,-1
1074722840119861248,-1
1073366395658952704,-1
1070795424930377729,-1
1070666279302979584,1
1074355110615138305,0
1074876529706819586,0
1070847850316210177,1
1069581602345361409,0
1072213614742908928,0
1074870545433419776,-1
1070359552556720128,0
1071004773984493579,0
1072448742270361601,0
1071891406418075652,1
1072097039717142528,-1
1073082885979209733,-1
1070634586936348672,0
1073337267295531008,1
1071979997655638017,1
1071475852087574528,0
1074426185441075200,1
1070794408549933058,1
1069255368759496704,-1
1074482275990073344,1
1068065608917504000,-1
1070543375701405696,1
1072198376731631616,1
1071713886322212864,1
1071594248401764352,-1
1071935344889741317,-1
1072295130881777664,0
1073375608724443137,-1
1070392398159732736,1
1070991463280992257,1
1072586932599820288,-1
1069569284861505536,0
1071361792104906753,0
1074618600248496134,-1
1072195126850711552,0
1070875027472609281,-1
1068572611217694720,-1
1070261669723561985,1
1068465200108642306,-1
1070485210368802818,-1
1070276979549761537,-1
1073053523737227264,0
1072643793801961473,-1
1073278891354136577,0
1072516912679149570,1
1071613043157667843,-1
1071701938159407105,0
1074434343773319169,1
1069744057574977537,-1
1074813259985891328,1
1071810807145598983,0
1073182924428722176,1
1072223810865324033,-1
1070324069994770433,-1
1070757410246193153,-1
1072225431112335360,0
1070857354927853574,1
1072538241692250112,0
1071121571601801217,-1
1069930910479454210,0
1072850069949427712,0
1072310778215235584,0
1070891907130249216,-1
1071159110257782786,0
1068559900308119553,1
1073670384489283586,1
1073987434898182145,-1
1074436350672322561,0
1072403078123610112,1
1073534743969439744,0
1074925260208791554,0
1069388436098961409,-1
1071773618579873793,-1
1072849614221557761,0
1070327037666172933,1
1073455879448612864,-1
1071862781945745408,-1
1071403291878285312,0
1072884765072728064,-1
1072457919503974402,0
1072328944655974400,0
1072228299974340612,1
1072315032833327105,0
1071778696518864896,0
1071175121270919168,0
1068725399780245505,1
1069071776834043906,0
1073191815631769601,-1
1072167109222895616,1
1071122414933807104,0
1070464294243000321,1
1073782014309003264,0
1068217436510531589,0
1074033366381576192,0
1067863048000548870,0
1071762613980332032,0
1071227504403378176,-1
1069236229894537216,-1
1070617878125256704,1
1072175750084726784,-1
1073008969134862339,0
1072520635589513216,-1
1069634203480965121,0
1073317784145354752,-1
1071768305206202368,0
1070694787194544130,-1
1071910333617442816,-1
1074508244628983809,1
1071883796214099975,1
1067227312796696577,-1
1070816606463451136,-1
1072523526593228800,-1
1072444447009464320,-1
1068561651631304704,0
1072690347032109057,1
1073895894410514432,-1
1072284809760776192,0
1071216788581597190,0
1070881241577254922,1
1069950615101628416,0
1071148706366414848,-1
1071214798975713280,-1
1070649800658423808,0
1070997975734857728,1
1070679305435389956,0
1070876934664581120,1
1070727499301179392,0
1071119616053669888,-1
1070889468855373824,1
1068657951781675009,0
1069591819883819008,1
1072645809722793984,-1
1070188671670906880,1
1071127487369920512,1
1070099599090683904,0
1072263607482691585,-1
1073252714337964032,0
1071389376096145408,0
1070495624930492416,0
1074280602780737536,-1
1070709551450808320,0
1070130843253911552,-1
1070378206535016448,-1
1074304471784660993,-1
1072211807757131778,1
1071882986440798209,1
1073766723034193921,0
1072917236468383744,-1
1072314818189762560,-1
1072580684626182153,0
1071224496508600320,1
1070066497299603456,0
1070665761050542080,-1
1072271471236521984,0
1069996365659422720,-1
1073356337399164931,0
1073791756771188736,0
1069794987834007552,-1
1071101288967012352,-1
1071791019342131200,1
1070054502873604097,1
1068981087349743619,-1
1070858339121315841,1
1072896645455593472,0
1072485994442698753,1
1072125475231858688,-1
1071969451438948352,0
1070451088476815360,0
1074508197371789312,-1
1073625842583003138,-1
1069703978454261761,0
1072627221049823233,0
1071794969717952513,1
1068184022973652993,0
1072275889310851072,1
1072566296934563840,-1
1072535850456674306,0
1070691903719596032,1
1069534655878184962,0
1071582487229423616,0
1072880642990444550,0
1068677352388001793,0
1072334987200991233,1
1068706502377185280,1
1070896564368039936,-1
1069926442220339200,-1
1070527275861467136,-1
1069895556359749632,0
1068306884569063429,-1
1073240995997933570,1
1072981552836022273,0
1070377781907853312,-1
1071537111176757248,-1
1070995494955044864,0
1074827268361461765,0
1071581174911385601,1
1071422050663841794,1
1072155102948016128,0
1072329481824669696,-1
1072980250206920705,1
1072696494367670273,1
1074663231988355072,0
1071451341837488130,-1
1071139313390415873,-1
1073400763693568000,-1
1070865296196599810,0
1071860014523039744,1
1070398160751734784,-1
1073779884445626368,0
1070666163191996416,0
1071224453777014784,1
1074661693358252032,0
1073630876129480704,1
1072976350053576704,0
1072410302678007808,0
1073140469083758597,1
1072859062499446785,-1
1073185792271544321,0
1072292343225704449,-1
1074285954540716032,0
1070000053182496768,-1
1070799956582244352,-1
1072936056570417152,1
1070041888047161344,0
1074355270644613120,1
1068309057214271488,1
1071403770469322753,0
1067848312622120961,0
1073768932107083776,0
1072122157998706688,-1
1071411838963847168,0
1071757986392088576,0
1073097272861356032,0
1070142079404269569,0
1073678603131465730,-1
1073745206388932608,1
1072680949605916673,1
1070087194965098497,0
1072691761133309952,0
1070658460960899074,1
1072798937302663168,-1
1072691919078199300,0
1074088140640608261,1
1070834894987821056,0
1074499675712036866,0
1072329396755881985,-1
1070021480988241921,1
1070866809484648450,1
1071026098841010178,1
1072152824778276864,0
1070876795686268928,0
1072723094979121153,-1
1073708438285279232,0
1073003228814561280,0
1073879787238813705,0
1074004186843570176,0
1071598086345162752,0
1068599890761129985,-1
1071376463230840833,-1
1073978880787181568,1
1074925265980145666,0
1071211276217606145,0